需求编号,需求名称,优先级,需求基线版本,设计模块号,设计文档章节,接口编号,实现代码位置,单元测试用例,集成测试用例,系统测试用例,验收测试用例,状态,备注
REQ-F-001,语义事件是唯一真相,P0,req-baseline/v0.1-draft,M02,HLD-2.2;HLD-5.1;HLD-5.3,IF-001,src/lib.rs::World::commit,TC-035,TC-001,TC-037,,已实现,"【**本文件的分层声明**：`WC-RTM-001.csv` 是**数据表**；**主文区 = 第 1–13 列**（结构化取值），**附录等价物 = 第 14 列「备注」**（依据、口径与处置说明一律在此就地给出）。承 `GB/T 8567-2006` §6.2.2 的自足性纪律，特此声明，以免「备注列算不算主文」成为不可判定项。】【四列口径**变更登记**（2026-09-27；依据=项目负责人「补建系统级用例、按实存∧状态达标∧层级相符改写口径」的指令）】**改前**：单元测试用例=L1（src/** 的 #[cfg(test)]）；集成测试用例=L2（tests/*.rs，含脚本/接口面）；系统测试用例=L3（`tools/system_acceptance.sh` 跑真实二进制，**本列只允许 TC-037–TC-040**）；验收测试用例=L4（AC-01–AC-10 / 三条专属验收测试 / M-01–M-06）。**改后**：L1/L2 定义不变；**系统测试用例=L3 =「在真实产物或真实环境上端到端验证该需求的至少一条判据」**（真实二进制进程 / 真实文件系统 / 真实 Unix 套接字 / 真实工具链；**不得用 mock、不得只读代码**）——载体除 `tools/system_acceptance.sh` 外，**新增 `tools/s1_sys_probe.sh`（TC-042/046–052）与 `tools/s1_sys_probe2.sh`（TC-053–TC-075）**；验收测试用例=L4（定义不变，仍为 AC-xx 与度量规程面）。**依据**：R1 第一轮第一轮独立评审实测「门禁只查格非空 ⇒ 引用了待实现用例也能过」（已登记 《软件配置管理计划》的对应缺陷条目）；第一轮独立评审实测「删掉整条需求行，追溯门禁仍报覆盖率 100%」。故本列口径**与门禁一起**从「格非空」升级为「**引用的用例必须实存 ∧ 状态达标（≥已实现）∧ 层级相符**」；该三项校验的**门禁实现**尚未落地（R5 事项，见 《软件配置管理计划》的对应缺陷条目 处置口径）。**影响面**：本列取值集合由 {TC-037…TC-040} 扩为 {TC-037…TC-040, TC-042, TC-046–TC-052, TC-053–TC-075}；RTM 由 **37 行 → 39 行**（新增 REQ-N-007/REQ-N-008）；本行为**本文件第 1 行**，不加行、只在备注列内追加。**只在「用例实存且状态 ≥ 已实现」时才填**；不满足者一律填 `—` 并在备注写明**丙类显式裁剪**（批准人／批准日期齐备）。  ‖【原说明保留，不删】来源 REF-04/REF-06。L1：c05 进程内 2000 条 id 去重（TC-035）。L2：t1 追加→读回。L3：TC-037（只追加 + 旧行逐字节不变 + state/project 后账本字节不变）。【四列口径定义·2026-09-26 由 R4 处置表 G 组第 3 行回填时立】（本段是表头说明，不是需求内容）单元测试用例=L1（src/** 的 #[cfg(test)]，22 条）；集成测试用例=L2（scripts/test/acceptance.rs 17 + scripts/test/contract.rs 22 + scripts/test/cli.rs 6，含脚本/接口面如 tools/plain_text_audit.py、tools/ci_self_check.py）；系统测试用例=L3（tools/system_acceptance.sh 跑真实二进制，**本列只允许 TC-037–TC-040**）；验收测试用例=L4（AC-01…AC-10 / 三条专属验收测试 / WC-SQAP-001 的 M-01–M-06，本版无独立 TC 编号）。口径出处：WC-TP-001 §一（L0–L4 分层）、WC-TS-001 §二（逐层清单）。**L0 冒烟（check.sh）不属于这四列中的任何一列**（其正式归属待人工裁定）；**L1–L4 之外的验证面记入备注**——TC-041 是编译期 doctest、L3 度量 qg01/qg02/qg05（scripts/test/perf.rs，默认 #[ignore]、只测量不判定、无 TC 编号）、L3 脚本 tools/system_acceptance.sh 的 26 条断言。【原表的口径是另一套】原表把 L1/L2 用例（TC-003/TC-013/TC-020/TC-022/TC-024 等）同填进""系统测试用例""与""验收测试用例""，读起来像""系统级/验收级证据""；本轮回填按处置表指定的 L0/L1/L2/L3 口径收窄，代价是如实出现较多系统级/验收级空白（门禁会报 WARN）——**这是如实体现，不是新缺口**  ⚠【**DR 登记（第三轮补，2026-09-27）**】`WC-SRS-001` §十一 现有 **`DR-01`–`DR-12` 共 12 条数据要求**，本表的行**只覆盖 `REQ-F`/`REQ-N`**（`DR-` 前缀行 = 0）。原因：`tools/trace_matrix.py` 的需求号正则 `REQ-[FN]-\d{3}` **只认 F/N** ⇒ **DR 对追溯门禁结构性不可见**。**处置：登记为「已登记缺口 · 待裁」**——「**DR 是否进 RTM（含是否扩门禁正则）**」属**新增/修改门禁条款**，按纪律**须人裁**（`H-13`：AI 不代裁）；**本轮未动门禁**。责任人 `**ZiFan**（依项目负责人 2026-09-27 指令转录；AI 不代签、仅转录 `H-13`／`EV-08`／`EV-09`）`；关闭判据 = 12 条 DR 在本表各有 1 行 **且** 门禁正则覆盖 `DR-\d{2}` **且** 全门禁 rc=0。【**`DR-01`–`DR-12` 显式缺口登记**（2026-09-27；依项目负责人授权自行择定「登记为显式缺口行、**不扩门禁正则**」）：本版 `DR-01`–`DR-12`（数据需求，见 `WC-SRS-001` §11.2）**未占本矩阵的行**，属**已成文登记的缺口**，待 **S2 定稿后回填**「设计模块号／设计文档章节／测试用例」四列。**闭环判据（机械可核）**：本注存在 **且** `python3 tools/trace_matrix.py` rc=0。**可回退**：删本注并扩 `trace_matrix.py` 的 `REQ_ID_PATTERN` 即改为「`DR-` 进 RTM」方案。】"
REQ-F-002,事件信封字段完备且带版本,P0,req-baseline/v0.1-draft,M01,HLD-5.1,,src/ontology_definition/mod.rs::Ontology::validate,,TC-032,TC-038,,已实现,缺字段拒收；world 版本不符报 BadVersion。L2：c02 逐个删除 8 个必填字段（TC-032，在 scripts/test/contract.rs）。L3：TC-038 对真实落盘行逐字段断言 8 必填字段与 world=1 + 缺 before 的 change rc=2 且不落笔。原表把 TC-032 填在单元列，已按 L1/L2 口径订正。
REQ-F-003,账本只追加且为纯文本,P0,req-baseline/v0.1-draft,M02,HLD-5.3;HLD-4.9,IF-001,src/ledger/mod.rs::Ledger::append,,TC-001,TC-053,,已实现,"JSON Lines；任何文本工具可读。L2：t1 追加→读回、c22 行边界不变量（TC-001）。**本行如实留空三列**：原表把 `TC-022` 填进集成/验收列，而 `TC-022` 在 SRS §五 声明的覆盖范围只有 `REQ-N-004`（门禁语义层实测报错：『用例与需求对不上』）；本需求真正对应的纯文本判据由 `TC-020`（`tools/plain_text_audit.py`）承担，而 SRS §五 又把 `TC-020` 声明为只覆盖 `REQ-N-001` ⇒ **两条本应成立的追溯在 SRS §五 里都缺声明**——这是**SRS 的声明缺口**，补齐属 SRS 修订（不属本次执行员所有），不得靠往四列塞编号绕过门禁。⚠ **订正（与实测不符，2026-09-26 复算）**：原文写""**本行如实留空三列并留下 1 项门禁 ERROR**""——**""留下 1 项门禁 ERROR""是假陈述**。实测（`python tools/trace_matrix.py --matrix docs/S1-需求/WC-RTM-001.csv --srs docs/S1-需求/需求-WC-SRS-001-v0.1.md`）：**`rc=0` / `需求条目: 37` / `0 条 ERROR` / `31 项 WARN`**，本行不在任何 ERROR 中。上述""两条本应成立的追溯在 SRS §五 里都缺声明""的**声明缺口事实仍成立**，但**它当前不产生 ERROR**（门禁只按四列里实际填写的用例做语义比对，留空即跳过）。另有 L3 度量用例 `qg02`（`scripts/test/perf.rs`，无 TC 编号、只测量不判定）不填入四列。"
REQ-F-004,序号单一递增缺号拒启,P0,req-baseline/v0.1-draft,M02,HLD-5.3;HLD-7.2,IF-001,src/ledger/mod.rs::Ledger::open,,TC-006,TC-054,,已实现,断号即拒绝启动 报 SeqGap。L2：t4 缺号拒启（TC-006，在 scripts/test/acceptance.rs）。原表把 TC-006 当作 L1 又复用为 L4，均不符口径。
REQ-F-005,崩溃尾迹半行启动时丢弃,P0,req-baseline/v0.1-draft,M02,HLD-5.3;HLD-7.2,IF-001,src/ledger/mod.rs::Ledger::open,,TC-005,TC-055,,已实现,残行丢弃且该号可复用。L2：t3（TC-005）。另有 L3 度量用例 qg02_crash_recovery_with_a_torn_tail（scripts/test/perf.rs，默认 #[ignore]、无 TC 编号）：只覆盖『末尾半行』一种尾迹，且只测量不判定（目标值仍【候选】）——不填入四列，在此登记。
REQ-F-006,唯一写入口,P0,req-baseline/v0.1-draft,M04,HLD-2.2;HLD-6.1,IF-011,src/lib.rs::World::commit,,TC-007;TC-041,TC-056,,已实现,唯一写入口由私有字段 + pub(crate) 收窄。L2：t5（TC-007）+ c01。TC-041 的验证面是编译期（src/lib.rs 的 compile_fail doctest），不属 L0–L4 任何一层，放不进这四列，故登记于此：已变异实测（把 World.ledger 改 pub ⇒ 该 doctest 报 Test compiled successfully; but it's marked compile_fail；还原即绿）。『无第二种写入路径』判据已改写为可判定三件套（封闭面清单／逐候选路径反例／否证条件），逐候选路径反例尚未成文。门禁缺口：TC-037 在 SRS §五 只声明覆盖 REQ-F-001，故本行的系统级列留空——实测 TC-037 含『state/project 执行后账本逐字节不变』断言（正是本需求判据⑤），但**SRS 未声明覆盖本需求**，不得据此填入（补齐属 SRS 修订，不属本次执行员）。
REQ-F-007,法律在前落笔在后,P0,req-baseline/v0.1-draft,M01;M04,HLD-2.2;HLD-6.1,,src/lib.rs::World::commit,,TC-007,TC-057,,已实现,校验不过绝不落笔。L2：t5（TC-007，在 scripts/test/acceptance.rs）三类违法事件全部被拒且账本条数不变。法律侧（M01）的逐字段断言由 c02 承担（见 REQ-F-002）。
REQ-F-008,三个事件家族及其信纸字段,P0,req-baseline/v0.1-draft,M01,HLD-5.2,,src/common/event.rs::change_body,TC-012,TC-007,TC-058,,已实现,未知家族被拒。L1：TC-012（readmodel::unit::refuses_unknown_family）验证拒绝未知家族，不逐家族校验信纸必填字段；L2：t5。逐家族信纸字段的『每家族缺必填即拒』无 L1 用例（c02 是信封 8 字段、TC-038 只测 change 缺 before）——如实登记。门禁缺口：TC-038 在 SRS §五 只声明覆盖 REQ-F-002，故系统级列留空（实测 TC-038 测的就是 change 缺 before，覆盖本需求判据，但 SRS 未声明）。
REQ-F-009,change 必带旧值,P0,req-baseline/v0.1-draft,M01,HLD-5.2;HLD-4.10,,src/common/event.rs::change_body,TC-011,,TC-059,,已实现,回滚信息当场留下。L1：TC-011（readmodel::unit::refuses_lying_before）——注意它的主题是折叠加固（旧值说谎），不是写侧拒绝『缺 before』。门禁缺口：TC-038 在 SRS §五 只声明覆盖 REQ-F-002，故系统级列留空；实测 TC-038 提交了一条缺 before 的 change 并断言 rc=2 + 点名 before + 不落笔（正是本需求的验收判据），但 SRS 未声明覆盖本需求。写侧的 L1 用例缺口如实登记。
REQ-F-010,状态是账本的投影,P0,req-baseline/v0.1-draft,M03,HLD-5.5,,src/ontology_instance/readmodel.rs::State::fold,TC-009,TC-036,TC-039,,已实现,state = fold(events[0..seq])。L1：TC-009 连续前缀折叠。L2：TC-036（c06 增量==全量，在 scripts/test/contract.rs）。L3：TC-039 含反假断言（追加后状态指纹必变）。原表把 TC-036 同时又填在 REQ-F-014 的系统列（串号对偶面），已删除。
REQ-F-011,读模型可删掉重算且逐字节一致,P0,req-baseline/v0.1-draft,M03,HLD-5.5;HLD-8.1,,src/ontology_instance/readmodel.rs::State::digest,,TC-003,TC-060,,已实现,L2：t7（TC-003，删掉重算）。含反假测试：只折叠前缀必须不同。原表把 TC-003 同填在系统/验收两列（它是 scripts/test/acceptance.rs 的 L2 用例），已按口径收窄。**M-03 判据的可判定化（WC-R4-DISP-001 §二 G 组第 4 行 ①）**——操作定义：① 增量路径 A：从空状态起 State::apply 逐条按 seq 升序施加全部事件 → 规范形式 R1；② 重建路径 B：State::fold(events) 一次全量 → R2；③ 两者都按主体升序→路径升序（BTreeMap 保证）渲染后比较。比对对象：「主体+路径 → 值」的扁平三重集合（不是字节、不是指纹）。golden 向量：以 c12 的账本形状为准（2 条 change 加 1 条 act；主体 world://notice/n-0 与 world://notice/n-1；字段 muted 交替）——固定输入、固定规范形式，逐字节比对。反向键集合差：diff_A→B = keys(R1) 减 keys(R2) 与 diff_B→A = keys(R2) 减 keys(R1) 两者都必须为空（原 M-03 判定② 只查『只在 R1 中出现的键』是单向的：『增量漏算』会被判通过）。归属：判据本身的改写落在 WC-SQAP-001 §2.1.2 M-03 判定②（该文件不属本次执行员所有）——⚠ 待人工裁定；此处只登记改法，不主张已生效。
REQ-F-012,读模型不写盘不改账本,P0,req-baseline/v0.1-draft,M03,HLD-2.3;HLD-5.5,,src/ontology_instance/readmodel.rs,,TC-003,TC-061,,已实现,折叠前后账本字节完全相同（由 t7 的『不写盘』判据承担，TC-003）。无独立 L1 用例（readmodel.rs 的 4 条不覆盖『账本字节不变』）；L3/L4 空——如实留空。
REQ-F-013,读模型拒绝坏账本,P0,req-baseline/v0.1-draft,M03,HLD-4.10;HLD-7.2,,src/ontology_instance/readmodel.rs::State::apply,TC-010,TC-004,TC-062,,已实现,缺号/旧值不符/未知家族三条路径：L1 = TC-010（refuses_seq_gap）+ TC-011（refuses_lying_before，与 REQ-F-009 共用）+ TC-012（refuses_unknown_family，与 REQ-F-008 共用）；L2 = t8（TC-004）。注：TC-011/TC-012 未在本行重复登记，其归属见 REQ-F-009/REQ-F-008。
REQ-F-014,回滚即追加补偿事件,P1,req-baseline/v0.1-draft,M02;M03,HLD-4.7;HLD-5.3,,src/ledger/mod.rs;src/ontology_instance/readmodel.rs,,TC-023,TC-063,,已实现,补偿事件就是普通 change；账本只增不减。L2：t17（TC-023，在 scripts/test/acceptance.rs）。原表在系统测试列填 TC-030：TC-030 在 SRS §五 声明的是投影同源（REQ-F-020），属串号——已按 WC-R4-DISP-001 §二 G 组第 3 行订正并留空（SRS §五 里不存在回滚/补偿事件的系统级用例；不填假值）。
REQ-F-015,门禁不可绕过,P0,req-baseline/v0.1-draft,M05,HLD-4.1;HLD-4.2;HLD-4.3;HLD-7.3,IF-002;IF-007;IF-011,src/gate/mod.rs;src/gate/guard.rs;src/gate/policy.json,TC-028;TC-029,TC-025;TC-026;TC-027;TC-031;TC-033,,TC-013,部分实现,CON-01 跨 uid 实测 15/15；通道层与 Landlock 未做（见 WC-CON01-001）。四列订正：L1 = gate.rs 4 条（TC-028）+ guard.rs 1 条（TC-029）；L2 = t11/t12/t13（TC-025/026/027）+ c01（TC-031）+ c03（TC-033）；L4 = TC-013（tools/con01-no-bypass.sh 跨 uid 原型）。L3 空（跨 uid 通道未测，见 WC-TS-001 §三-4）——如实留空，不拿 L2 用例充 L3。
REQ-F-016,能力声明即请求进门前查门禁,P0,req-baseline/v0.1-draft,M05,HLD-4.1;HLD-6.4,IF-002;IF-011,src/gate/mod.rs::Policy::decide;src/lib.rs::World::commit,,TC-014,TC-064,,已实现,未声明能力被拒且留 notice 流水。L2：t9（TC-014，在 scripts/test/acceptance.rs）。原表把它填在系统测试列，已按口径回落。
REQ-F-017,不可逆加摩擦可逆免检留痕,P1,req-baseline/v0.1-draft,M05,HLD-4.1,IF-002;IF-011,src/gate/mod.rs::Policy::decide;src/lib.rs::World::commit,,TC-015,TC-065,,已实现,可逆放行落 act；不可逆走 gate.awaiting-approval。L2：t10（TC-015）。原表填在系统测试列，已回落。
REQ-F-018,语言投影结构化出口,P1,req-baseline/v0.1-draft,M06,HLD-3;HLD-6.4,IF-003,src/gui_projection/language.rs,,TC-016,TC-066,,已实现,逐行 JSON；解析回来与读模型逐项一致。L2：t14（TC-016）。同源的跨进程验证面见 REQ-F-020 的 IF-003a。
REQ-F-019,视觉投影渲染出口,P1,req-baseline/v0.1-draft,M07,HLD-3;HLD-6.4,IF-004,src/gui_projection/visual.rs,,TC-017,TC-067,,已实现,给人看但排版可审计。L2：t15（TC-017）——它用 `visual::parse()` 解析回来比对，故对『排版契约』本身是自证。排版字节级期望样本已写入 `WC-TS-001` **§三 3.1**（本轮实例化为用例 `layout01`–`layout03`；`WC-SRS-001` §五 已于 2026-09-26 登记 **`TC-051`** 承担同一件事——**编号可对齐，但两套用例编号尚未合并**，属 SRS 修订范畴），作为独立于同模块 `parse()` 的验证面；★ 2026-09-28 订正：**该用例已实现**——`scripts/verify/visual_layout_audit.py`（3 份字节级期望样本 ＋ 变异自证），由 `check.sh:185` 在跑；**四列仍不填**的理由改记为：它是 **L3 工具面**、不是 `cargo test` 的 target（`WC-SRS-001` 的 `T-15` 行已登记该口径）。
REQ-F-020,两个投影同源,P0,req-baseline/v0.1-draft,M06;M07,HLD-4.4;HLD-5.6;HLD-6.4,IF-003;IF-004;IF-005;IF-003a,src/gui_projection/mod.rs,TC-030,TC-018,TC-068,,已实现,同源头（world+vocab+state）+ 换词表可检出。L1：TC-030（project/mod.rs::unit 4 条：同源/换词表/落后/坏头；原表把 TC-030 填在 REQ-F-014，是串号的对偶面）。L2：TC-018（t16）。IF-003a = 跨进程/跨时刻比对规程（改法已写入 WC-TS-001 §三 的 crossproc01–crossproc02 与 WC-UT-001 §三）：两次独立运行/两个独立进程各渲染两投影，比较 world/vocab/last_seq/state 四元组与『主体升序→路径升序』的扁平三重集合；故意换词表必须被报为『不同源』。该用例尚未实现；IF-003a 的编号载体（WC-IC-001）不属本次执行员所有 ⇒ ⚠ 待人工裁定落点。
REQ-F-021,检查点快照可重建,P2,req-baseline/v0.1-draft,M08,HLD-4.5,IF-010,src/ontology_instance/checkpoint.rs,,TC-019,TC-069,,已实现,带 base_seq 的缓存；verify 用账本重算核验；删掉快照重算逐字节一致。L2：c12（删掉无后果/续算==全量）+ c13（坏快照三类必须被拒）——逐条原始输出与提交号见 WC-RE09-003 §二.2a–§二.2b（引入提交 e641a2e；本轮 3a6b342 重跑通过）。L1/L3/L4 空：L1 = 无模块内 #[test]（WC-UT-001 §三-2）；L3/L4 空是因为 v1 运行时/CLI 从不读快照（src/lib.rs 只有 pub mod checkpoint;，main.rs::cmd_state 走 World::read_model() 全量折叠，read_model_with_checkpoint 的调用者全在 tests/ 内）——不是漏测，是产品路径上不存在该验证面（如实登记）。
REQ-F-022,账本可重放重启不丢,P0,req-baseline/v0.1-draft,M02,HLD-5.3,IF-001,src/ledger/mod.rs::Ledger::read_all,,TC-002,TC-070,,已实现,重启后事件序列一致。L2：t2（TC-002）。L1/L3/L4 空。
REQ-N-001,语言无关纯文本,P0,req-baseline/v0.1-draft,M01;M02;M09,HLD-4.9;HLD-6.3;IC-2.1;IC-2.3;IC-2.6,IF-001;IF-005;IF-006,scripts/verify/plain_text_audit.py;check.sh.new;src/ontology_definition/ontology.json,,TC-020,TC-071,,已实现,"审计脚本含自证（正/反例）；CI gate-self-test 作业执行；实测对注入二进制的真实账本判不通过。**模块归属订正（2026-09-26，依 SRS §三 该行自述的缺口）**：本条覆盖**三处**——账本（`M02`）、**词表/本体（`M01`，纯文本 JSON）**、协议（`M09`，通道的纯文本行协议）⇒ 设计模块号由 `M02` 补为 **`M01;M02;M09`**。补 `M01` 的理由是**可核事实**：原文只写 `M02`（账本），而「词表必须纯文本」的落点在 `ontology.json` 与 `src/ontology_definition/mod.rs`（`M01`）⇒ 该子项在**模块层无人认领**；`M09` 同理（`IF-006` 的""文本行协议""）。**接口编号**：`IF-001`（账本读写，`WC-IC-001` §一 该行「相关需求」已列 `N-001`）+ **`IF-005`（词表身份，`M01`）** + **`IF-006`（跨进程通道，纯文本行协议，`M09`）**——三者均按 `WC-IC-001` §一 **逐条读出**后填。**四列订正**：脚本面（`tools/plain_text_audit.py`）不是 `src/**` 的 L1、也不是 `system_acceptance.sh` 的 L3，且 TC-020 在 SRS §五 声明的实现位置就是该脚本 ⇒ 归 L2 脚本/接口面；原表把它同填四列（含系统/验收）已收窄。L4（AC-07 的正式验收）留空（`WC-AT-001` 尚未建立）"
REQ-N-002,零外部依赖纪律,P1,req-baseline/v0.1-draft,M04,HLD-4.6,,Cargo.toml,,TC-021,TC-072,,已实现,CI 自检 tools/ci_self_check.py 的 check_declared_dependencies：直接依赖超出 serde_json 即 rc=1（评审 T-17 补的会失败的证据）。四列订正：TC-021 在 SRS §五 声明的实现位置是 CI 脚本面 ⇒ 归 L2；原表同填四列已收窄。
REQ-N-003,启动即校验本体,P0,req-baseline/v0.1-draft,M01,HLD-7.1;HLD-7.2,,src/ontology_definition/mod.rs::Ontology::load,,TC-008;TC-034,TC-040,,已实现,坏本体或缺版本号均拒启。L2：t6（TC-008）+ c04（TC-034，在 scripts/test/contract.rs）；L3：TC-040 覆盖缺失/坏 JSON/版本不符三种 + 正常本体对照 rc=0。原表把 TC-008/TC-034 都填在单元列——两者都在 tests/ 下，已移到集成列；单元列留空（ontology.rs 的 2 条 L1 是词表 hash 口径，SRS §五 未为其分配 TC 号；不为凑格编造 TC 号）。
REQ-N-004,私有化部署形态,P1,req-baseline/v0.1-draft,M04,HLD-7.3,,check.sh.new;src/main.rs,,TC-022,,TC-022,已实现,check.sh 一条命令跑通（构建→READY 冒烟→三条专属测试→投影同源），VM 实测通过；REQ-N-004 的判据由 TC-022 验证。四列订正：原表把 TC-022 同填 L1/L3/L4 三列——它是入口脚本（L0 冒烟面），而 L0 不属于这四列中的任何一列（定义见 WC-TP-001 §一 / WC-TS-001 §二）；为不编造新口径，仍登记于集成/验收两列（L0 面的正式归属 ⚠ 待人工裁定）。
REQ-N-005,可度量的质量目标,P0,req-baseline/v0.1-draft,M01;M02;M03;M04;M05,HLD-8.2,,ninedim/01-意图环/01-策划/策划-WC-SQAP-001-v0.1.md,,TC-024,TC-075,,未实现,六项目标数值为候选值 须人工确认；AI 不得编造指标。四列订正：TC-024 在 SRS §五 的实现位置是『六项质量目标的度量执行（M-01–M-06）』，不是 src/** 的 L1；已从单元列移到集成/度量面，L3/L4 留空（M-07 度量规程尚未建立，且目标值仍【候选】⇒ 不得声称达标）。
REQ-F-023,投递、应答与收件人,P1,req-baseline/v0.1-draft,M09,HLD-4.4;IC-2.6,IF-006;IF-005;IF-011,src/bus/mod.rs,,TC-043;TC-044,TC-073,,已实现,`to` 是收件人字段（string，空=广播）；act 请求与结果必须可配对；通道一行请求→一行应答。L2：TC-044（c14，已实现）覆盖「自称他人 actor → 拒绝且不落笔 + actor 取自身份映射」；**TC-043（`to` 的线格式与超范围收件人拒绝）标待实现**。**配对字段的权威口径**在 `WC-IRS-001` §3.7.5（v1 无线上配对字段，连接本身即配对；业务级去重是 `act` 的 `request_id`）——**该结论在 IRS 侧仍标【待确认】**。**实测边界**：`to` 在 `src/` 与 `tests/` 中零读写（SRS §七 已记）⇒ 投递语义无任何实现。**L3/L4 空**（无系统级/验收级用例） 【2026-09-28 归档收口】本行状态由 部分实现 改为 已实现（本批落地＋断言；证据见 WC-SRS-001 同号行）"
REQ-F-024,投影不新增事实（只减不增）,P0,req-baseline/v0.1-draft,M06,HLD-4.4;IC-2.5,IF-003;IF-004;IF-005,src/gui_projection/language.rs;src/gui_projection/visual.rs,,TC-042,TC-042,,已实现,投影里每个事实都必须能在读模型里查到（P ⊆ S，同键值相等）；反假：注入一个 S 中不存在的三元组必须变红。**本行的用例全部是 `scripts/test/acceptance.rs` 的 `t14②`/`t15②`（L2）**，SRS §五 未为它们分配独立 TC 号 ⇒ 集成列已填 **`TC-042`**（**订正（2026-09-27）**：此前该处写「如实留空（不编造 TC 号）」，与实填不符）。**系统级判据 TC-042 已在 `WC-SRS-001` §五 登记、标「待实现」**（`tools/system_acceptance.sh` **现无**此用例）⇒ 系统列**如实留空**。**L1/L4 空**  ⚠ 【订正（2026-09-27）】本节此前写「系统列如实留空」——该陈述**已不成立**（**订正：系统列已回填实存用例**）：本轮已补建实存且状态达标的系统级用例 TC-042。
REQ-F-025,主体身份可核,P0,req-baseline/v0.1-draft,M04,HLD-4.1;HLD-7.3;IC-2.2;IC-2.6,IF-002;IF-006;IF-008,src/gate/mod.rs;src/bus/mod.rs;src/main.rs,,TC-044,TC-074,,部分实现,谁能成为主体 = `policy.json` 的 `subjects.allow` 白名单（实测 4 项：`world://user` / `world://core` / `world://agent/*` / `world://presence/*`）；身份不来自请求自称。L2：TC-044（c14，已实现）。L1：`gate::unit` 的默认拒绝/白名单用例已计入 `REQ-F-015`（TC-028），本行不重复登记。**已知缺口（不假装满足）**：CLI 路径下 `actor` 仍是命令行参数，被管者可自称 `world://user`（`src/bus/mod.rs:5-7` 自述）⇒ **CLI 入口不得作为身份保证**。**L3/L4 空**
REQ-F-026,通道资源边界,P1,req-baseline/v0.1-draft,M09,HLD-4.4;IC-2.6,IF-006,src/bus/mod.rs,,TC-076,,,已实现,四个边界（超时/限流/并发上限/单行上限）各有数值与超限行为。**数值为【候选】待人工确认**（`WC-IRS-001` `IF-REQ-04` 记超时「1/10 满足」、【待确认】；`IF-REQ-09` 记限流「阈值未定【待确认】」）。**实测边界**：当前实现四个边界一个都没有（`serve_once` 用 `BufRead::read_line` 无长度上限、一次只处理一个连接就返回、无超时无限流）。TC-045 标待实现。**L1/L3/L4 空**——本行四列**除待实现的集成用例 TC-045 外全空**，如实体现  ⚠ 【丙类显式裁剪登记（2026-09-27）】裁剪项=「v1 通道的四个资源边界（超时／限流／并发上限／单行上限）的**数值**与超限行为」；裁剪理由=四个数值为【候选】，**AI 不得编造指标**（06-swe-gb 红线），且 `src/bus/mod.rs` 的 `serve_once` 当前四个边界一个都没有实现；补偿措施=（a）四条「现状即红」的可复算现象已写进 WC-SRS-001 的 REQ-F-026 判据列，（b）四边界列入 S2 实现，（c）超限行为在 WC-IRS-001 已给出「确定错误码 + 世界状态不变」的口径；影响评估=仅影响 M09 通道的资源安全面，不影响账本/门禁/投影；批准人 **ZiFan**／批准日期 **2026-09-27**。（`CT-08`）⇒ 本行的 `WARN` 是**已登记的显式裁剪**，不是未处置项。  ⚠【清理（2026-09-27，承 R1 二轮席 第一轮独立评审席 的实测）】集成列的 `TC-045` 属**已作废**编号（已判「从未实存·作废不回收」），**不应继续占用列位** ⇒ 已清空；本条的四边界列为**丙类显式裁剪 `CT-08`**。  ⚠【集成列订正（2026-09-27）】原引 `TC-045`（已判「从未实存·作废不回收」）⇒ 清空；改引 **`TC-076`**：它是**已登记边界守卫**（断言「四边界当前一个都没有」这一**已登记事实**，**任一被实现即变红**），**不是**「需求已满足」的证据。本条的四个数值仍为【候选】，按 **`CT-08`** 显式裁剪。 【2026-09-28 归档收口】本行状态由 未实现 改为 已实现（本批落地＋断言；证据见 WC-SRS-001 同号行）"
REQ-F-027,家族演进与向前兼容,P1,req-baseline/v0.1-draft,M01,HLD-4.5;HLD-5.1;IC-2.3,IF-005;IF-001,src/ontology_definition/mod.rs;src/common/event.rs,,TC-046,TC-046,,已实现,演进必须是加法（`world` 声明词表版本，只加 `flags`、永不改这个数的含义）；新家族/新字段不得让旧事件读不懂。**回归判据**：旧账本 + 只加家族/字段的新本体 ⇒ 折叠结果与旧本体一致。TC-046 标待实现（`schema` 演进/upcasting 的落点仍未裁决，见 `WC-FSR-001` `SL-06`/`CON-04`）。**L1/L3/L4 空** 【2026-09-28 归档收口】本行状态由 未实现 改为 已实现（本批落地＋断言；证据见 WC-SRS-001 同号行）"
REQ-F-028,取值形状（字段类型口径）,P0,req-baseline/v0.1-draft,M03,HLD-5.1;HLD-5.2;HLD-5.5;IC-2.3,IF-005;IF-009,src/ontology_definition/mod.rs;src/ontology_instance/readmodel.rs,,TC-047,TC-047,,已实现,类型必须唯一确定：`world`/`seq`/`at`=整数；`kind`=枚举三值；`id`/`actor`/`to`/`trace`=字符串；`flags`=数组；`body`=对象；`change` 的 `subject`/`path`=字符串。类型不符 → 类型化 `Violation`（`NotAnObject`/`MissingField`/`BadVersion`/`UnknownKind`）。TC-047（逐字段类型断言）标待实现；**`subject`/`path` 的字符集与长度上界未定**（本体只给 `string`）⇒ 该子项【待验证】，须在 `WC-IRS-001`/`WC-LFMT-001-v0.1` 落成字面量。**L1/L3/L4 空**
REQ-F-029,未知旗标必须忽略（与未知家族拒绝对偶）,P1,req-baseline/v0.1-draft,M01,HLD-5.1;IC-2.3,IF-005,src/ontology_definition/mod.rs;src/common/event.rs,,TC-048,TC-048,,已实现,未知 `flags` 必须忽略（判据方向与其它拒绝判据**相反**：含未知旗标的合法事件**必须被接受并落笔**）；对偶：未知 `kind` 必须被拒绝（`UnknownKind`）。**实测边界**：本体 `flags` 定义为空数组（实测 `ontology.json` 顶层 `flags = []`、`src/common/event.rs:19` 的 `FLAGS: [&str; 0] = []`）⇒ 「未知旗标」用例**当前无法构造**（没有已定义旗标可比对），实现里「必须忽略」只是注释纪律（`src/common/event.rs:18`）⇒ 【待验证】，由 TC-048（待实现）承担。**对偶的那一半已有 L1 用例**：TC-012（`readmodel::unit::refuses_unknown_family`）——已计入 `REQ-F-008`/`REQ-F-013`，本行不重复登记。**L1/L3/L4 空** 【2026-09-28 归档收口】本行状态由 未实现 改为 已实现（本批落地＋断言；证据见 WC-SRS-001 同号行）"
REQ-F-030,本体：极小核心 + 命名空间扩展,P1,req-baseline/v0.1-draft,M01,HLD-5.1;HLD-5.2;IC-2.3,IF-005,src/ontology_definition/mod.rs;ontology.json,,TC-049,TC-049,,部分实现,极小核心 + 命名空间扩展。**判据① 核心面可枚举且稳定——实测成立**：`envelope.required` 8 项、`optional` 2 项、三家族 `required` 分别 4/3/2、`concepts` 仅 `notice`/`job` 两项（本轮实测）。**判据②③ 无实现、无用例**（扩展项与核心字段不重名；只加扩展的本体 ⇒ 同一账本折叠结果不变）⇒ TC-049 标待实现。判据④（同时写进 `WC-HLD-001`）属 C 组落点，**不属本次执行员所有**。**L1/L3/L4 空**
REQ-N-006,投影质量目标（同源率 / 事实可回溯率）,P1,req-baseline/v0.1-draft,M06,HLD-8.2;IC-2.5,IF-003;IF-004;IF-009,ninedim/01-意图环/01-策划/策划-WC-SQAP-001-v0.1.md,,TC-050,TC-050,,未实现,同源率 = 抽查的投影事实中「能在读模型里查到同一 (主体 路径 值) 三元组」的比例；事实可回溯率 = 「能沿账本反查到产生它的那条事件」的比例。两项均须有目标值/测量方法/测量时点，且**样本量须写明**（抽查条数/账本规模）。**数值为【候选】待人工确认——AI 不得编造指标**；目标值与度量规程落 `WC-SQAP-001` §2.1 并配 `M-07`（**该文件不属本次执行员所有** ⇒ ⚠ 待人工裁定/他人落笔）。TC-050 标待实现。**L1/L3/L4 空**
REQ-F-031,信封 trace 字段（因果）保留为需求,P1,req-baseline/v0.1-draft,M01,HLD-5.1;IC-2.3,,src/ontology_definition/ontology.json;src/ontology_definition/mod.rs,,TC-052,TC-052,,已实现,"依 `WC-R0-DS-001` §三 **E-1** 裁定「**选项 A：保留为需求**」新增（2026-09-27）；E-1 要求的动作是「补立一条需求 + 6 条可判定判据」，落点即本条（6 条判据写入 `WC-SRS-001` §三 `REQ-F-031` 行的「验收判据」列）。**同号不同义登记**：`WC-SRS-001` 的 `REQ-F-009` 是「change 必带旧值」、`WC-FSR-001` 的 `REQ-F-009` 才是「信封含 trace」⇒ 本条**不覆盖** SRS `REQ-F-009`，另取下一个可用号 `REQ-F-031`（现有最大 `REQ-F-030`）；FSR `REQ-F-009` 的另一半「act 结果本身也是事件」由 `REQ-F-023` 承担。**判据 (1) 已实测成立**（`ontology.json:10` 的 `envelope.optional` 含 `trace`、`:19` 记 `""string  # 因果：引发本条的那条事件的 id""`）。**判据 (2)(3) 的端到端验证面当前缺失**【待验证】：`World::commit`（`src/lib.rs:133`）与 CLI `append`（`src/main.rs:255`）的签名里都没有放 `trace` 的位置 ⇒ 无法经公开入口把 `trace` 写进去；透传本身在校验层（`Ontology::validate` 只遍历必填字段）、账本层（整值序列化）与门禁/读模型层（不读该字段）均成立。**判据 (6)**：`trace` 链长度与截断策略为 **v1 不担保项**，已写入 `WC-IRS-001` §六 6.2 第 15 项 + §七 7.10。TC-052 标待实现。**L1/L3/L4 空** 【2026-09-28 归档收口】本行状态由 部分实现 改为 已实现（本批落地＋断言；证据见 WC-SRS-001 同号行）"
REQ-N-007,代码覆盖率目标（QG-07）,P1,req-baseline/v0.1-draft,M01;M02;M03;M04;M05;M06;M07;M08;M09;M10,HLD-8.2,IF-011,scripts/（度量工具链）,,TC-075,,,未实现,【补立（2026-09-27，承 R1 第一轮独立评审席 的逐项核查：九项质量目标映射数 7/缺项 2）】目标值与生效条件逐字在 WC-SQAP-001 §2.1 的 QG-07 行 + §2.1.2 度量规程。**系统列填 `—`**：本项**生效条件未触发**（未取到第一次真实读数），读数属 S4/S5；已按**丙类显式裁剪** `CT-09` 登记（见 WC-SDP-001 §5.2 裁剪表）：裁剪项=「S1 阶段取覆盖率读数」；补偿措施=工具与目标值已写死 + 反例判据在库 + 关闭时点 R3 前；批准人 ZiFan／批准日期 2026-09-27。反例：清空 QG-07 行任一格 ⇒ 文档核查必须报红（已由 TC-075 的同一判定器覆盖 QG-01–06，QG-07 同表同规则）。
REQ-N-008,带检查点路径的性能目标（QG-13）,P2,req-baseline/v0.1-draft,M03;M08,HLD-4.5;HLD-8.2,IF-010,src/ontology_instance/checkpoint.rs,,TC-019;TC-075,,,未实现,【补立（2026-09-27，同上）】目标值（走检查点续算 ≤ 全量重算的 1/2；样本 ≥20 取 P95）逐字在 WC-SQAP-001 §2.1 的 QG-13 行。**前置硬条件已实测成立**（TC-069：放入坏/超 long base_seq 快照后 state --json 逐字节相同）。**系统列填 `—`**：v1 CLI 不暴露检查点路径，S1 取不到样本 ≥20 的 P95 ⇒ 按**丙类显式裁剪** `CT-10` 登记（裁剪项=「S1 阶段取带检查点性能读数」；补偿措施=前置硬条件已实测 + 目标值与样本量写死 + 关闭时点 S5 前；批准人 ZiFan／批准日期 2026-09-27）。
REQ-F-032,读法覆盖已声明字段（缺格即报错）,P1,req-baseline/v0.1-draft,M01;M03,HLD-5.1;HLD-5.5,IF-005;IF-009,src/ontology_definition/mod.rs;src/ontology_instance/readmodel.rs,,TC-077,,,部分实现,【V0.4 新增（2026-09-27）】来源 = 《语义世界》第五章 5.6 表 5.2 行判红（`ninedim/01-意图环/01-策划/策划-理论书-第一版-合订.md:737` 逐字「**红**。未实现」）＋ 需求侧零落点（SRS §6.1c ① 检索式 1 = 0 命中）。判据 = 本体已声明的每一格至少有一份读法读得到、**缺格必须报错**。**实测边界（不假装满足）**：今天缺格静默通过——手写账本行删掉必填字段 `actor` 仍 `rc=0`（**承 SRS §六 未决项 15 的既有登记**；本机无 Rust 工具链 ⇒ 本轮**未重跑**，不冒充实测）。**不新增产品能力、不改代码**。**为什么选甲而不是裁剪**：按 SRS §5.1 逐字「判 (乙) 的唯一理由是**实现面不存在**」，而这里读法与声明清单都在，缺的只是这一道核对。**模块号与接口号的来源**：M01 = 声明面（`ontology.json`）、M03 = 读法面（读模型）；`IF-005`／`IF-009` 逐条取自 `WC-MODREG-001` §2 的 M01／M03 行，**未新造接口号**。**四列口径**：系统列与验收列**如实留空**（承担用例 `TC-077` 为「待实现（未落笔）」）⇒ 本行产生 1 条 WARN，已登记 SRS §6.1b 的 **T-35**。 【2026-09-28 归档收口】本行状态由 未实现 改为 部分实现（本批落地＋断言；证据见 WC-SRS-001 同号行） 【2026-09-28 归档收口】`TC-077` 已落地：载体＝`scripts/test/family_readmodel.rs::h08`（逐字段"已声明 ⇒ 覆盖表里有它"＋"缺格即被拒且点名那一格"＋**反假**：覆盖表去掉一格 ⇒ 那格缺格不再被拒）；**会红已证**（把 `missing_cell` 改成跳过 `actor` ⇒ 该用例 FAILED，恢复即绿）。⚠ **本行状态仍为"部分实现"**：`TC-077` 关掉的是"覆盖核对 ＋ 缺格即报错"这一面；**另一半**（读模型渲染信封的 `id`／`at`／`actor`／`world`／`flags`）**仍未落**（见后继件 `1.1`）——**不许读成"已实现"。** 【2026-09-28 二次订正】本条状态由 部分实现 改为 **已实现**：另一半"每格都读得出来"已落地——`scripts/test/contract.rs::c36`（清单**从本体派生**，逐格断言"某一读法**以真值**读得到"＋断言"不进 `state`"是**取舍**）；⚠ 射程：可读面＝逐条读事件／投影头部；不钉跨架构可读性、不钉 `body` 内部字段。"
REQ-N-009,历史可携带且可在别处独立复算（无锁定）,P1,req-baseline/v0.1-draft,M02;M03,HLD-5.3;HLD-5.5,IF-001;IF-009,src/ledger/mod.rs;src/ontology_instance/readmodel.rs,,TC-078,,,部分实现（可判代理已落：只带账本、换目录/独立进程复算逐字节相同；真·另一处未做）,【V0.4 新增（2026-09-27）】来源 = 《语义世界》第五章 5.6 表 5.4 行（`ninedim/01-意图环/01-策划/策划-理论书-第一版-合订.md:742` 逐字「**未做，判红**」；同书 `:971` 逐字「**缺一次运行**……其中一条今天就能跑却没跑：带走全部账本、在别处独立复算出同一份状态」）。**不新造事实**：本条判据与 SRS §十一 数据要求 `DR-11` ③ **逐字同源**（「整本账本可整体复制即完成备份」＋「复制账本文件即可在新环境读出**逐字节相同**的 `state --json`」）；本条的作用是把该判据提到**可追溯、可挂用例**的面。**实测理由**：`tools/trace_matrix.py` 的需求编号正则只认 `REQ-F-`／`REQ-N-` 两种 ⇒ `DR-*` 条目不进门禁、也不因缺失而报错（SRS §7.1 有该命令的实测输出）。**与 `REQ-F-011` 的分界**：`REQ-F-011`／`TC-060` 覆盖「同一处删掉读模型重算」，本条覆盖「**换一处**仍能复算」——差的是「另一处」这个变量。**四列口径**：系统列与验收列**如实留空**（`TC-078` 为「待实现（未落笔）」；**不得**把 `TC-060` 填进系统列充数——它不覆盖「换一处」）⇒ 本行产生 1 条 WARN，已登记 SRS §6.1b 的 **T-36**。**同号不同义当场登记**：`WC-FSR-001` 的同号 `FSR/N-09` 是「维护性／最小依赖」，见 SRS §8.1 A 表末行。 【2026-09-28 归档收口】`TC-078` 已落地：`scripts/test/contract.rs::c35`（只带账本换目录 ⇒ 状态逐字节相同；正控非空；反假改账本必变）。⚠ **射程**：换目录是"换机器"的**可判代理**，不证明跨架构一致；⚠ 本条原文那条**反例**（注入本机依赖后仍判相同 ⇒ 判据失效）**未实现同一条** ⇒ 不许读成已覆盖。
